[{"id":"OMW0YLOROfpETYO0K1x","creation":1564070406358,"address":"3:0:000000:27033829","type":{"brand":"CXI","model":"MUX","version":"1"},"modes":[{"mode":"HSPN","settings":{"txPowerinDbm":30.0,"rxSensitivityinDbm":-80.0,"rfTimePerAnt":2000}}],"fixture":"3663328.50206.44448","location":{"premise":1169,"area":1171,"position":{"x":0,"y":0,"z":0}},"isEnabled":true,"mac":"3:0:000000:27033829"},{"id":"1563972084","creation":1592311315315,"name":"1","address":"1","type":{"brand":"KEONN","model":"Keonn MAT","version":"1"},"modes":[{"mode":"GUARD","settings":{"txPowerinDbm":16,"rxSensitivityinDbm":-60,"rfTimePerAnt":0}}],"fixture":"1230121.12311.123","location":{"premise":1169,"area":1209,"position":{"x":0,"y":0,"z":0}},"isEnabled":false},{"id":"1589572164","creation":1589912966435,"name":"ant1","address":"1","type":{"brand":"KEONN","model":"SP11","version":"1"},"modes":[{"mode":"AUTOMATED_PROCESS","settings":{"txPowerinDbm":28.0,"rxSensitivityinDbm":-80.0,"rfTimePerAnt":0}},{"mode":"FITTING_ROOM","settings":{"txPowerinDbm":28,"rxSensitivityinDbm":-80,"rfTimePerAnt":0}},{"mode":"XPOINT","settings":{"txPowerinDbm":28.0,"rxSensitivityinDbm":-80.0,"rfTimePerAnt":0}}],"fixture":"8888888.88888.877","location":{"premise":1169,"area":1171,"position":{"x":60,"y":57,"z":1}},"isEnabled":false},{"id":"1592916089","creation":1592916151223,"name":"ant1","address":"1","type":{"brand":"KEONN","model":"Keonn MAT","version":"1"},"modes":[{"mode":"GUARD","settings":{"txPowerinDbm":28.0,"rxSensitivityinDbm":-80.0,"rfTimePerAnt":0}}],"fixture":"1230121.12311.123","location":{"premise":1169,"area":1209,"position":{"x":0,"y":0,"z":0}},"isEnabled":false},{"id":"1592916130","creation":1592916152532,"name":"ant2","address":"2","type":{"brand":"KEONN","model":"Keonn MAT","version":"1"},"modes":[{"mode":"GUARD","settings":{"txPowerinDbm":28.0,"rxSensitivityinDbm":-80.0,"rfTimePerAnt":0}}],"fixture":"1230121.12311.123","location":{"premise":1169,"area":1209,"position":{"x":0,"y":0,"z":0}},"isEnabled":false},{"id":"1589912940","creation":1589912966442,"name":"ant4","address":"4","type":{"brand":"KEONN","model":"SP11","version":"1"},"modes":[{"mode":"AUTOMATED_PROCESS","settings":{"txPowerinDbm":28.0,"rxSensitivityinDbm":-80.0,"rfTimePerAnt":0}},{"mode":"FITTING_ROOM","settings":{"txPowerinDbm":28,"rxSensitivityinDbm":-80,"rfTimePerAnt":0}},{"mode":"XPOINT","settings":{"txPowerinDbm":28.0,"rxSensitivityinDbm":-80.0,"rfTimePerAnt":0}}],"fixture":"9999999.99999.999","location":{"premise":1169,"area":1209,"position":{"x":37,"y":59,"z":1}},"isEnabled":false},{"id":"k8GL2zYNNhO3hypDZXA_1","creation":1592311337692,"name":"POS_1","address":"1","type":{"brand":"KEONN","model":"ADPY","version":"1"},"modes":[{"mode":"POS_RETURN","settings":{"txPowerinDbm":20,"rxSensitivityinDbm":-60,"rfTimePerAnt":10}},{"mode":"POS_READ_ONLY","settings":{"txPowerinDbm":20,"rxSensitivityinDbm":-60,"rfTimePerAnt":10}},{"mode":"POS_PAYMENT","settings":{"txPowerinDbm":20,"rxSensitivityinDbm":-60,"rfTimePerAnt":10}}],"fixture":"9999999.88888.777","location":{"premise":1169,"area":1171,"position":{"x":0,"y":0,"z":0}},"isEnabled":true},{"id":"MwOx0XBnOuqKc9JJLyz_1","creation":1592916044110,"name":"POSZUR01_1","address":"1","type":{"brand":"KEONN","model":"ADPY","version":"1"},"modes":[{"mode":"POS_READ_ONLY","settings":{"txPowerinDbm":10.0,"rxSensitivityinDbm":-80.0,"rfTimePerAnt":10}},{"mode":"POS_PAYMENT","settings":{"txPowerinDbm":10.0,"rxSensitivityinDbm":-80.0,"rfTimePerAnt":10}},{"mode":"POS_RETURN","settings":{"txPowerinDbm":10.0,"rxSensitivityinDbm":-80.0,"rfTimePerAnt":10}}],"fixture":"3434543.34534.345","location":{"premise":1169,"area":1171,"position":{"x":161,"y":62,"z":1}},"isEnabled":true}]