[{"id":"K1Pyk1ZJRFqZckqQZYK","creation":1592311315301,"name":"Guard1","address":"192.168.0.11","startUpMode":"GUARD","type":{"brand":"KEONN","model":"ADVANGUARD","version":"1"},"modes":[{"mode":"GUARD","settings":{"readerMode":"DenseReaderM4","searchMode":"SingleTarget","session":0,"tagPopulationEstimate":200}}],"rfidpointOfViewList":["1563972084"],"fixtureList":["1230121.12311.123"],"location":{"premise":1169,"area":1209,"position":{"x":0,"y":0,"z":0}},"isEnabled":true,"isFixed":false},{"id":"jZ724OZDwujhM9z3NN","creation":1589912966442,"name":"IMP","address":"192.168.0.7","startUpMode":"XPOINT","type":{"brand":"IMPINJ","model":"R420","version":"1"},"modes":[{"mode":"FITTING_ROOM","settings":{"readerMode":"DenseReaderM4","searchMode":"SingleTarget","session":0,"tagPopulationEstimate":200}},{"mode":"AUTOMATED_PROCESS","settings":{"readerMode":"DenseReaderM4","searchMode":"SingleTarget","session":0,"tagPopulationEstimate":200}},{"mode":"XPOINT","settings":{"readerMode":"DenseReaderM4","searchMode":"SingleTarget","session":0,"tagPopulationEstimate":200}}],"rfidpointOfViewList":["1589572164","1589912940"],"fixtureList":["8888888.88888.877","9999999.99999.999"],"location":{"premise":1169,"position":{"x":49,"y":58,"z":1}},"isEnabled":true,"isFixed":false},{"id":"xnOwQ5A2vU0t0YY6QG","creation":1592916152524,"name":"GUARD","address":"10.100.0.10","startUpMode":"GUARD","type":{"brand":"KEONN","model":"ADVANGUARD","version":"1"},"modes":[{"mode":"GUARD","settings":{"readerMode":"DenseReaderM4","searchMode":"SingleTarget","session":0,"tagPopulationEstimate":200}}],"rfidpointOfViewList":["1592916089","1592916130"],"fixtureList":["1230121.12311.123"],"location":{"premise":1169,"area":1209,"position":{"x":0,"y":0,"z":0}},"isEnabled":true,"isFixed":false},{"id":"k8GL2zYNNhO3hypDZXA","creation":1592311337683,"name":"POS","address":"192.168.0.13","startUpMode":"POS_PAYMENT","type":{"brand":"KEONN","model":"ADPY","version":"1"},"modes":[{"mode":"POS_PAYMENT","settings":{"readerMode":"DenseReaderM4","searchMode":"SingleTarget","session":0,"tagPopulationEstimate":200}},{"mode":"POS_READ_ONLY","settings":{"readerMode":"DenseReaderM4","searchMode":"SingleTarget","session":0,"tagPopulationEstimate":200}},{"mode":"POS_RETURN","settings":{"readerMode":"DenseReaderM4","searchMode":"SingleTarget","session":0,"tagPopulationEstimate":200}}],"rfidpointOfViewList":["k8GL2zYNNhO3hypDZXA_1"],"fixtureList":["9999999.88888.777"],"location":{"premise":1169,"area":1171,"position":{"x":0,"y":0,"z":0}},"isEnabled":true,"isFixed":false},{"id":"MwOx0XBnOuqKc9JJLyz","creation":1592916044110,"name":"POSZUR01","address":"10.100.0.92","startUpMode":"POS_PAYMENT","type":{"brand":"KEONN","model":"ADPY","version":"1"},"modes":[{"mode":"POS_PAYMENT","settings":{"readerMode":"DenseReaderM4","searchMode":"SingleTarget","session":0,"tagPopulationEstimate":200}},{"mode":"POS_READ_ONLY","settings":{"readerMode":"DenseReaderM4","searchMode":"SingleTarget","session":0,"tagPopulationEstimate":200}},{"mode":"POS_RETURN","settings":{"readerMode":"DenseReaderM4","searchMode":"SingleTarget","session":0,"tagPopulationEstimate":200}}],"rfidpointOfViewList":["MwOx0XBnOuqKc9JJLyz_1"],"fixtureList":["3434543.34534.345"],"location":{"premise":1169,"area":1171,"position":{"x":161,"y":62,"z":1}},"isEnabled":true,"isFixed":false},{"id":"162978954","creation":1564070406368,"name":"PN_DA:FA:2E:E0:3B:6A","address":"E0:BA:A9:58:A6:65","type":{"brand":"CXI","model":"PN","version":"2.1"},"modes":[{"mode":"HSPN","settings":{"readerMode":"DenseReaderM4","searchMode":"SingleTarget","session":1,"tagPopulationEstimate":200}}],"rfidpointOfViewList":["OMW0YLOROfpETYO0K1x"],"fixtureList":["3663328.50206.44448"],"location":{"premise":1169,"area":1171,"position":{"x":0,"y":0,"z":0}},"isEnabled":true,"isFixed":false,"mac":"E0:BA:A9:58:A6:65"}]