[{"assets":["1230121.12311.123"],"header":{"bizStep":"urn:epcglobal:cbv:bizstep:entering_exiting","disposition":"urn:epcglobal:cbv:disp:sellable_not_accessible","eventTime":1592974010018,"action":"OBSERVE","bizLocation":"urn:epc:id:sgln:1230121.12311.123","eventType":"ObjectEvent"}},{"assets":["3434543.34534.345"],"header":{"bizStep":"urn:epcglobal:cbv:bizstep:cycle_counting","disposition":"urn:epcglobal:cbv:disp:sellable_accessible","eventTime":1592974010018,"action":"OBSERVE","bizLocation":"urn:epc:id:sgln:3434543.34534.345","eventType":"ObjectEvent"}},{"assets":["3663328.50206.44448"],"header":{"bizStep":"urn:epcglobal:cbv:bizstep:cycle_counting","disposition":"urn:epcglobal:cbv:disp:sellable_accessible","eventTime":1592974010018,"action":"OBSERVE","bizLocation":"urn:epc:id:sgln:3663328.50206.44448","eventType":"ObjectEvent"}},{"assets":["8888888.88888.877"],"header":{"bizStep":"urn:epcglobal:cbv:bizstep:storing","disposition":"urn:epcglobal:cbv:disp:sellable_accessible","eventTime":1592974010018,"action":"OBSERVE","bizLocation":"urn:epc:id:sgln:8888888.88888.877","eventType":"ObjectEvent"}},{"assets":["9999999.88888.666"],"header":{"bizStep":"urn:epcglobal:cbv:bizstep:entering_exiting","disposition":"urn:epcglobal:cbv:disp:sellable_accessible","eventTime":1592974010018,"action":"OBSERVE","bizLocation":"urn:epc:id:sgln:9999999.88888.666","eventType":"ObjectEvent"}},{"assets":["9999999.88888.777"],"header":{"bizStep":"urn:epcglobal:cbv:bizstep:cycle_counting","disposition":"urn:epcglobal:cbv:disp:sellable_accessible","eventTime":1592974010018,"action":"OBSERVE","bizLocation":"urn:epc:id:sgln:9999999.88888.777","eventType":"ObjectEvent"}},{"assets":["9999999.88888.888"],"header":{"bizStep":"urn:epcglobal:cbv:bizstep:cycle_counting","disposition":"urn:epcglobal:cbv:disp:sellable_accessible","eventTime":1592974010018,"action":"OBSERVE","bizLocation":"urn:epc:id:sgln:9999999.88888.888","eventType":"ObjectEvent"}},{"assets":["9999999.99999.999"],"header":{"bizStep":"urn:epcglobal:cbv:bizstep:stocking","disposition":"urn:epcglobal:cbv:disp:sellable_not_accessible","eventTime":1592974010018,"action":"OBSERVE","bizLocation":"urn:epc:id:sgln:9999999.99999.999","eventType":"ObjectEvent"}}]