<?xml version="1.0" encoding="UTF-8"?>
<configuration scan="true" scanPeriod="30 seconds">
    <property name="ARCHIVE" value="${catalina.base}/logs/archives" />
    <property name="LOGS_SIZE" value="50MB" />
    <property name="RETENTION" value="10" />

    <appender name="APL-DEFAULT" class="ch.qos.logback.core.rolling.RollingFileAppender">
        <File>${catalina.base}/logs/apl-default.log</File>
        <Append>true</Append>
        <encoder>
            <charset>UTF-8</charset>
            <pattern>%d %-5p %c - %m%n</pattern>
        </encoder>
        <rollingPolicy class="ch.qos.logback.core.rolling.FixedWindowRollingPolicy">
            <fileNamePattern>${ARCHIVE}/apl-default.%i.gz</fileNamePattern>
            <maxIndex>${RETENTION}</maxIndex>
        </rollingPolicy>
        <triggeringPolicy class="ch.qos.logback.core.rolling.SizeBasedTriggeringPolicy">
            <maxFileSize>${LOGS_SIZE}</maxFileSize>
        </triggeringPolicy>
    </appender>

    <appender name="APL-SUPERVISION" class="ch.qos.logback.core.rolling.RollingFileAppender">
        <File>${catalina.base}/logs/apl-monitoring.log</File>
        <Append>true</Append>
        <encoder>
            <charset>UTF-8</charset>
            <pattern>%d [%t] %-5p %c - %m%n</pattern>
        </encoder>
        <rollingPolicy class="ch.qos.logback.core.rolling.FixedWindowRollingPolicy">
            <fileNamePattern>${ARCHIVE}/apl-monitoring.%i.gz</fileNamePattern>
            <maxIndex>${RETENTION}</maxIndex>
        </rollingPolicy>
        <triggeringPolicy class="ch.qos.logback.core.rolling.SizeBasedTriggeringPolicy">
            <maxFileSize>${LOGS_SIZE}</maxFileSize>
        </triggeringPolicy>
    </appender>
    
    
    <appender name="APL-SECURED-TAG" class="ch.qos.logback.core.rolling.RollingFileAppender">
        <File>${catalina.base}/logs/apl-securedtag.log</File>
        <Append>true</Append>
        <encoder>
            <charset>UTF-8</charset>
            <pattern>%d [%t] %-5p %c - %m%n</pattern>
        </encoder>
        <rollingPolicy class="ch.qos.logback.core.rolling.FixedWindowRollingPolicy">
            <fileNamePattern>${ARCHIVE}/apl-securedtag.%i.gz</fileNamePattern>
            <maxIndex>${RETENTION}</maxIndex>
        </rollingPolicy>
        <triggeringPolicy class="ch.qos.logback.core.rolling.SizeBasedTriggeringPolicy">
            <maxFileSize>${LOGS_SIZE}</maxFileSize>
        </triggeringPolicy>
    </appender>

    <appender name="APL-MESSAGING-TAGDATA" class="ch.qos.logback.core.rolling.RollingFileAppender">
        <File>${catalina.base}/logs/apl-messaging-tagdata.log</File>
        <Append>true</Append>
        <encoder>
            <charset>UTF-8</charset>
            <pattern>%d %X{TagDataId} [%t] %-5p %c - %m%n</pattern>
        </encoder>
        <rollingPolicy class="ch.qos.logback.core.rolling.FixedWindowRollingPolicy">
            <fileNamePattern>${ARCHIVE}/apl-messaging-tagdata.%i.gz</fileNamePattern>
            <maxIndex>${RETENTION}</maxIndex>
        </rollingPolicy>
        <triggeringPolicy class="ch.qos.logback.core.rolling.SizeBasedTriggeringPolicy">
            <maxFileSize>${LOGS_SIZE}</maxFileSize>
        </triggeringPolicy>
    </appender>

    <appender name="APL-CONFIGURATION" class="ch.qos.logback.core.rolling.RollingFileAppender">
        <File>${catalina.base}/logs/apl-configuration.log</File>
        <Append>true</Append>
        <encoder>
            <charset>UTF-8</charset>
            <pattern>%d %X{TagDataId} [%t] %-5p %c - %m%n</pattern>
        </encoder>
        <rollingPolicy class="ch.qos.logback.core.rolling.FixedWindowRollingPolicy">
            <fileNamePattern>${ARCHIVE}/apl-configuration.%i.gz</fileNamePattern>
            <maxIndex>${RETENTION}</maxIndex>
        </rollingPolicy>
        <triggeringPolicy class="ch.qos.logback.core.rolling.SizeBasedTriggeringPolicy">
            <maxFileSize>${LOGS_SIZE}</maxFileSize>
        </triggeringPolicy>
    </appender>

    <appender name="APL-KPI" class="ch.qos.logback.core.rolling.RollingFileAppender">
        <File>${catalina.base}/logs/apl-kpi.log</File>
        <Append>true</Append>
        <encoder>
            <charset>UTF-8</charset>
            <pattern>%d - %m%n</pattern>
        </encoder>
        <rollingPolicy class="ch.qos.logback.core.rolling.FixedWindowRollingPolicy">
            <fileNamePattern>${ARCHIVE}/apl-kpi.%i.gz</fileNamePattern>
            <maxIndex>${RETENTION}</maxIndex>
        </rollingPolicy>
        <triggeringPolicy class="ch.qos.logback.core.rolling.SizeBasedTriggeringPolicy">
            <maxFileSize>${LOGS_SIZE}</maxFileSize>
        </triggeringPolicy>
    </appender>

    <!-- Catch information about supervision -->
    <logger name="com.tagsys.hspn.hub.apl.supervision" level="INFO" additivity="false">
        <appender-ref ref="APL-SUPERVISION"/>
    </logger>
    <logger name="org.springframework.scheduling" level="WARN" additivity="false">
        <appender-ref ref="APL-SUPERVISION"/>
    </logger>
    <logger name="org.springframework.web.client" level="WARN" additivity="false">
        <appender-ref ref="APL-SUPERVISION"/>
    </logger>
    <logger name="com.tagsys.hspn.hub.apl.monitoring" level="INFO" additivity="false">
        <appender-ref ref="APL-SUPERVISION"/>
    </logger>

    <!-- Catch information about messaging tagdata -->
    <logger name="com.tagsys.hspn.hub.apl.decoder" level="WARN" additivity="false">
        <appender-ref ref="APL-MESSAGING-TAGDATA"/>
    </logger>
    <logger name="com.tagsys.hspn.hub.apl.messaging" level="INFO" additivity="false">
        <appender-ref ref="APL-MESSAGING-TAGDATA"/>
    </logger>
    <logger name="com.tagsys.hspn.hub.apl.epcis" level="INFO" additivity="false">
        <appender-ref ref="APL-MESSAGING-TAGDATA"/>
    </logger>
    <logger name="org.apache.camel" level="WARN" additivity="false">
        <appender-ref ref="APL-MESSAGING-TAGDATA"/>
    </logger>
    <logger name="route-tagdata" level="INFO" additivity="false">
        <appender-ref ref="APL-MESSAGING-TAGDATA"/>
    </logger>

    <!-- Catch information about configuration hub -->
    <logger name="com.tagsys.hspn.hub.apl.configuration" level="INFO" additivity="false">
        <appender-ref ref="APL-CONFIGURATION"/>
    </logger>
    
    <!-- Catch information about secured tag -->
    <logger name="com.tagsys.hspn.hub.apl.securedtag" level="INFO" additivity="false">
        <appender-ref ref="APL-SECURED-TAG"/>
    </logger>

    <!-- Catch information about KPI -->
    <logger name="kpi-log" level="INFO" additivity="false">
        <appender-ref ref="APL-KPI"/>
    </logger>

    <root level="INFO">
        <appender-ref ref="APL-DEFAULT"/>
    </root>

</configuration>
