<?xml version="1.0" encoding="UTF-8"?>
<configuration scan="true" scanPeriod="30 seconds">
	<property name="ARCHIVE" value="${catalina.base}/logs/archives" />
	<property name="LOGS_SIZE" value="50MB" />
	<property name="RETENTION" value="10" />
	<property name="RETENTION_DAY" value="30" />
	<property name="DEFAULT_ENCODER" value="%date [%thread] %-5level %marker %class{36} - %message%n" />
	<timestamp key="XPTAGS_TIMESTAMP" datePattern="yyyy-MM-dd-HH:mm:ss"/>

	<appender name="HAL-COMMONS" class="ch.qos.logback.core.rolling.RollingFileAppender">
		<File>${catalina.base}/logs/hal-commons.log</File>
		<Append>true</Append>
		<encoder>
			<charset>UTF-8</charset>
			<pattern>${DEFAULT_ENCODER}</pattern>
		</encoder>
		<rollingPolicy class="ch.qos.logback.core.rolling.TimeBasedRollingPolicy">
			<fileNamePattern>${ARCHIVE}/hal-commons.%d{yyyy-MM-dd}.log</fileNamePattern>
			<maxHistory>${RETENTION_DAY}</maxHistory>
		</rollingPolicy>
	</appender>

	<appender name="HAL-WEBSERVICES" class="ch.qos.logback.core.rolling.RollingFileAppender">
		<File>${catalina.base}/logs/hal-webservices.log</File>
		<Append>true</Append>
		<encoder>
			<charset>UTF-8</charset>
			<pattern>${DEFAULT_ENCODER}</pattern>
		</encoder>
		<rollingPolicy class="ch.qos.logback.core.rolling.TimeBasedRollingPolicy">
			<fileNamePattern>${ARCHIVE}/hal-webservices.%d{yyyy-MM-dd}.log</fileNamePattern>
			<maxHistory>${RETENTION_DAY}</maxHistory>
		</rollingPolicy>

	</appender>

	<appender name="HAL-MULTIDEVICES" class="ch.qos.logback.core.rolling.RollingFileAppender">
		<File>${catalina.base}/logs/hal-multidevices.log</File>
		<Append>true</Append>
		<encoder>
			<charset>UTF-8</charset>
			<pattern>${DEFAULT_ENCODER}</pattern>
		</encoder>
		<rollingPolicy class="ch.qos.logback.core.rolling.TimeBasedRollingPolicy">
			<fileNamePattern>${ARCHIVE}/hal-multidevices.%d{yyyy-MM-dd}.log</fileNamePattern>
			<maxHistory>${RETENTION_DAY}</maxHistory>
		</rollingPolicy>
	</appender>

	<appender name="HAL-HSPN" class="ch.qos.logback.core.rolling.RollingFileAppender">
		<File>${catalina.base}/logs/hal-hspn.log</File>
		<Append>true</Append>
		<encoder>
			<charset>UTF-8</charset>
			<pattern>${DEFAULT_ENCODER}</pattern>
		</encoder>
		<rollingPolicy class="ch.qos.logback.core.rolling.TimeBasedRollingPolicy">
			<fileNamePattern>${ARCHIVE}/hal-hspn.%d{yyyy-MM-dd}.log</fileNamePattern>
			<maxHistory>${RETENTION_DAY}</maxHistory>
		</rollingPolicy>
	</appender>

        <appender name="HAL-REST" class="ch.qos.logback.core.rolling.RollingFileAppender">
                <File>${catalina.base}/logs/hal-rest.log</File>
                <Append>true</Append>
                <encoder>
                        <charset>UTF-8</charset>
                        <pattern>${DEFAULT_ENCODER}</pattern>
                </encoder>
                <rollingPolicy class="ch.qos.logback.core.rolling.TimeBasedRollingPolicy">
                        <fileNamePattern>${ARCHIVE}/hal-rest.%d{yyyy-MM-dd}.log</fileNamePattern>
                        <maxHistory>${RETENTION_DAY}</maxHistory>
                </rollingPolicy>
        </appender>


        <appender name="HAL-AUTOMATEDPROCESS" class="ch.qos.logback.core.rolling.RollingFileAppender">
                <File>${catalina.base}/logs/hal-automated-process.log</File>
                <Append>true</Append>
                <encoder>
                        <charset>UTF-8</charset>
                        <pattern>${DEFAULT_ENCODER}</pattern>
                </encoder>
                <rollingPolicy class="ch.qos.logback.core.rolling.TimeBasedRollingPolicy">
                        <fileNamePattern>${ARCHIVE}/hal-automated-process.%d{yyyy-MM-dd}.log</fileNamePattern>
                        <maxHistory>${RETENTION_DAY}</maxHistory>
                </rollingPolicy>
        </appender>


	<appender name="HAL-XPOINT" class="ch.qos.logback.core.rolling.RollingFileAppender">
		<File>${catalina.base}/logs/hal-xpoint.log</File>
		<Append>true</Append>
		<encoder>
			<charset>UTF-8</charset>
			<pattern>${DEFAULT_ENCODER}</pattern>
		</encoder>
		<rollingPolicy class="ch.qos.logback.core.rolling.TimeBasedRollingPolicy">
			<fileNamePattern>${ARCHIVE}/hal-xpoint.%d{yyyy-MM-dd}.log</fileNamePattern>
			<maxHistory>${RETENTION_DAY}</maxHistory>
		</rollingPolicy>
	</appender>

	<appender name="HAL-XPTAGSXPOINTS" class="ch.qos.logback.core.rolling.RollingFileAppender">
		<File>${catalina.base}/logs/XPtags-TagsXpoints-${XPTAGS_TIMESTAMP}.csv</File>
		<Append>true</Append>
		<encoder>
			<charset>UTF-8</charset>
			<pattern>${DEFAULT_ENCODER}</pattern>
		</encoder>
		<rollingPolicy class="ch.qos.logback.core.rolling.TimeBasedRollingPolicy">
			<fileNamePattern>${ARCHIVE}/XPtags-TagsXpoints.%d{yyyy-MM-dd}.csv.gz</fileNamePattern>
			<maxHistory>${RETENTION_DAY}</maxHistory>
		</rollingPolicy>
	</appender>

	<appender name="HAL-XPTAGSTATESXPOINTS" class="ch.qos.logback.core.rolling.RollingFileAppender">
		<File>${catalina.base}/logs/XPtagStates-TagsXpoints.csv</File>
		<Append>true</Append>
		<encoder>
			<charset>UTF-8</charset>
			<pattern>${DEFAULT_ENCODER}</pattern>
		</encoder>
		<rollingPolicy class="ch.qos.logback.core.rolling.TimeBasedRollingPolicy">
			<fileNamePattern>${ARCHIVE}/XPtagStates-TagsXpoints.%d{yyyy-MM-dd}.csv.gz</fileNamePattern>
			<maxHistory>${RETENTION_DAY}</maxHistory>
		</rollingPolicy>
	</appender>

	<appender name="HAL-KEONN" class="ch.qos.logback.core.rolling.RollingFileAppender">
		<File>${catalina.base}/logs/hal-keonn.log</File>
		<Append>true</Append>
		<encoder>
			<charset>UTF-8</charset>
			<pattern>${DEFAULT_ENCODER}</pattern>
		</encoder>
		<rollingPolicy class="ch.qos.logback.core.rolling.TimeBasedRollingPolicy">
			<fileNamePattern>${ARCHIVE}/hal-keonn.%d{yyyy-MM-dd}.log</fileNamePattern>
			<maxHistory>${RETENTION_DAY}</maxHistory>
		</rollingPolicy>
	</appender>
	
	<appender name="HAL-HFREADER" class="ch.qos.logback.core.rolling.RollingFileAppender">
		<File>${catalina.base}/logs/hal-hfreader.log</File>
		<Append>true</Append>
		<encoder>
			<charset>UTF-8</charset>
			<pattern>${DEFAULT_ENCODER}</pattern>
		</encoder>
		<rollingPolicy class="ch.qos.logback.core.rolling.TimeBasedRollingPolicy">
			<fileNamePattern>${ARCHIVE}/hal-hfreader.%d{yyyy-MM-dd}.log</fileNamePattern>
			<maxHistory>${RETENTION_DAY}</maxHistory>
		</rollingPolicy>
	</appender>

	<appender name="HAL-KPI" class="ch.qos.logback.core.rolling.RollingFileAppender">
		<File>${catalina.base}/logs/hal-kpi.log</File>
		<Append>true</Append>
		<encoder>
			<charset>UTF-8</charset>
			<pattern>${DEFAULT_ENCODER}</pattern>
		</encoder>
		<rollingPolicy class="ch.qos.logback.core.rolling.TimeBasedRollingPolicy">
			<fileNamePattern>${ARCHIVE}/hal-kpi.%d{yyyy-MM-dd}.log</fileNamePattern>
			<maxHistory>${RETENTION_DAY}</maxHistory>
		</rollingPolicy>
	</appender>

	<appender name="HAL-TOOLS" class="ch.qos.logback.core.rolling.RollingFileAppender">
		<File>${catalina.base}/logs/hal-tools.log</File>
		<Append>true</Append>
		<encoder>
			<charset>UTF-8</charset>
			<pattern>${DEFAULT_ENCODER}</pattern>
		</encoder>
		<rollingPolicy class="ch.qos.logback.core.rolling.TimeBasedRollingPolicy">
			<fileNamePattern>${ARCHIVE}/hal-tools.%d{yyyy-MM-dd}.log</fileNamePattern>
			<maxHistory>${RETENTION_DAY}</maxHistory>
		</rollingPolicy>
	</appender>

	<appender name="HAL-AUDIT" class="ch.qos.logback.core.rolling.RollingFileAppender">
		<!-- Support multiple-JVM writing to the same log file -->
		<!-- <prudent>true</prudent> -->
		<File>${catalina.base}/logs/hal-audit.log</File>
		<Append>true</Append>
		<encoder>
			<charset>UTF-8</charset>
			<pattern>%message%n</pattern>
		</encoder>
		<rollingPolicy class="ch.qos.logback.core.rolling.FixedWindowRollingPolicy">
			<fileNamePattern>${ARCHIVE}/hal-audit.%i.gz</fileNamePattern>
			<maxIndex>${RETENTION}</maxIndex>
		</rollingPolicy>
		<triggeringPolicy class="ch.qos.logback.core.rolling.SizeBasedTriggeringPolicy">
			<maxFileSize>${LOGS_SIZE}</maxFileSize>
		</triggeringPolicy>
	</appender>

	<appender name="STATSD-CLIENT-MANAGER" class="ch.qos.logback.core.rolling.RollingFileAppender">
		<Encoding>UTF-8</Encoding>
		<File>${catalina.base}/logs/statsd-manager.log</File>
		<Append>true</Append>
		<encoder>
			<pattern>%d [%t] %-5p %c- %m%n</pattern>
		</encoder>
		<rollingPolicy class="ch.qos.logback.core.rolling.TimeBasedRollingPolicy">
			<fileNamePattern>${catalina.base}/logs/statsd-manager.%d{yyyy-MM-dd}.log</fileNamePattern>
		</rollingPolicy>
	</appender>

	<logger name="com.tagsys.hspn.hal.aplwebservices" level="INFO" additivity="false">
		<appender-ref ref="HAL-WEBSERVICES" />
	</logger>

	<logger name="com.tagsys.hspn.hal.webservices" level="INFO" additivity="false">
		<appender-ref ref="HAL-WEBSERVICES" />
	</logger>

	<logger name="com.tagsys.hspn.hal.multiDevices" level="INFO" additivity="false">
		<appender-ref ref="HAL-MULTIDEVICES" />
	</logger>

	<logger name="com.tagsys.hspn.hal.webservices.services.ManagerHalIntegration" level="INFO" additivity="false">
		<appender-ref ref="HAL-MULTIDEVICES" /> <!-- Simulate hal init by multi devices as xpoint -->
	</logger>

        <logger name="com.tagsys.hspn.hal.webservices.web.rest" level="INFO" additivity="false">
                <appender-ref ref="HAL-REST" /> 
        </logger>

        <logger name="com.tagsys.hspn.hal.automated.process" level="INFO" additivity="false">
                <appender-ref ref="HAL-AUTOMATEDPROCESS" />
        </logger>

	<logger name="com.tagsys.hspn.hub.dtos" level="INFO" additivity="false">
		<appender-ref ref="HAL-WEBSERVICES" />
	</logger>

	<logger name="com.tagsys.hspn.hal.xpoint" level="INFO" additivity="false">
		<appender-ref ref="HAL-XPOINT" />
	</logger>

	<logger name="com.tagsys.hspn.hal" level="INFO" additivity="false">
		<appender-ref ref="HAL-HSPN" />
	</logger>

	<logger name="com.tagsys.hspn.hal.tools" level="INFO" additivity="false">
		<appender-ref ref="HAL-TOOLS" />
	</logger>

	<logger name="halaudit" level="INFO" additivity="false">
		<appender-ref ref="HAL-AUDIT" />
	</logger>

	<logger name="com.tagsys.hspn.hal.keonn" level="INFO" additivity="false">
		<appender-ref ref="HAL-KEONN" />
	</logger>

	<logger name="com.tagsys.hspn.hal.readers.hf" level="INFO" additivity="false">
		<appender-ref ref="HAL-HFREADER" />
	</logger>

	<logger name="halkpi" level="DEBUG" additivity="false">
		<appender-ref ref="HAL-KPI" />
	</logger>

	<!-- Catch information about statsd manager -->
	<logger name="com.tagsys.annotation.core.StatsdClientManager" level="WARN" additivity="false">
		<appender-ref ref="STATSD-CLIENT-MANAGER"/>
	</logger>

	<root level="INFO">
		<appender-ref ref="HAL-COMMONS" />
	</root>

	<root level="INFO">
		<appender-ref ref="XPTAGSXPOINTS" />
	</root>

	<root level="INFO">
		<appender-ref ref="HAL-XPTAGSTATESXPOINTS" />
	</root>
</configuration>
