<?xml version="1.0" encoding="UTF-8"?>
<configuration scan="true" scanPeriod="30 seconds">
    <property name="ARCHIVE" value="${catalina.base}/logs/archives" />
    <property name="LOGS_SIZE" value="50MB" />
    <property name="RETENTION" value="10" />

    <appender name="SYNC-MANAGER-DEFAULT" class="ch.qos.logback.core.rolling.RollingFileAppender">
        <File>${catalina.base}/logs/sync-manager.log</File>
        <Append>true</Append>
        <encoder>
            <charset>UTF-8</charset>
            <pattern>%date [%thread] %-5level %logger{36} - %msg%n</pattern>
        </encoder>
        <rollingPolicy class="ch.qos.logback.core.rolling.TimeBasedRollingPolicy">
            <fileNamePattern>${ARCHIVE}/sync-manager.%d{yyyy-MM-dd}.%i.gz</fileNamePattern>
            <MaxHistory>${RETENTION}</MaxHistory>
            <timeBasedFileNamingAndTriggeringPolicy class="ch.qos.logback.core.rolling.SizeAndTimeBasedFNATP">
              <maxFileSize>${LOGS_SIZE}</maxFileSize>
            </timeBasedFileNamingAndTriggeringPolicy>
        </rollingPolicy>
    </appender>

    <root level="INFO">
        <appender-ref ref="SYNC-MANAGER-DEFAULT"/>
    </root>

</configuration>
