<?xml version="1.0" encoding="UTF-8"?>
<configuration scan="true" scanPeriod="30 seconds">

  <appender name="APL-WEBSERVICES" class="ch.qos.logback.core.rolling.RollingFileAppender">
    <Encoding>UTF-8</Encoding>
    <File>${catalina.base}/logs/apl-webservices.log</File>
    <Append>true</Append>
    <encoder>
      <pattern>%d [%t] %-5p %c- %m%n</pattern>
    </encoder>
    <rollingPolicy class="ch.qos.logback.core.rolling.TimeBasedRollingPolicy">
      <fileNamePattern>${catalina.base}/logs/apl-webservices.%d{yyyy-MM-dd}.log</fileNamePattern>
    </rollingPolicy>
  </appender>

  <appender name="APL-DEFAULT" class="ch.qos.logback.core.rolling.RollingFileAppender">
    <Encoding>UTF-8</Encoding>
    <File>${catalina.base}/logs/apl-default.log</File>
    <Append>true</Append>
    <encoder>
      <pattern>%d %-5p %c - %m%n</pattern>
    </encoder>
    <rollingPolicy class="ch.qos.logback.core.rolling.TimeBasedRollingPolicy">
      <fileNamePattern>${catalina.base}/logs/apl-default.%d{yyyy-MM-dd}.log</fileNamePattern>
    </rollingPolicy>
  </appender>

  <appender name="APL-WEBSERVICES-CAMEL" class="ch.qos.logback.core.rolling.RollingFileAppender">
    <Encoding>UTF-8</Encoding>
    <File>${catalina.base}/logs/apl-webservices-camel.log</File>
    <Append>true</Append>
    <encoder>
      <pattern>%d [%t] %-5p %c- %m%n</pattern>
    </encoder>
    <rollingPolicy class="ch.qos.logback.core.rolling.TimeBasedRollingPolicy">
      <fileNamePattern>${catalina.base}/logs/apl-webservices-camel.%d{yyyy-MM-dd}.log</fileNamePattern>
    </rollingPolicy>
  </appender>

  <!-- Catch information about rest call -->
  <logger name="com.tagsys.hspn.hub.apl.messaging.rest" level="WARN" additivity="false">
    <appender-ref ref="APL-WEBSERVICES"/>
  </logger>
  <!-- Catch information about camel route -->
  <logger name="org.apache.camel" level="WARN" additivity="false">
    <appender-ref ref="APL-WEBSERVICES-CAMEL"/>
  </logger>
  <!-- Catch information about camel route information transfert -->
  <logger name="AplWebServicesLoggerCamelRoute" level="WARN" additivity="false">
    <appender-ref ref="APL-WEBSERVICES-CAMEL"/>
  </logger>
   <!-- Catch information about capl transformation -->
  <logger name="com.tagsys.hspn.hub.apl" level="WARN" additivity="false">
    <appender-ref ref="APL-DEFAULT"/>
  </logger>
   <!-- Catch information about epc decoder -->
  <logger name="com.tagsys.hspn.hub.apl.decoder" level="WARN" additivity="false">
    <appender-ref ref="APL-DEFAULT"/>
  </logger>

  <root level="INFO">
    <appender-ref ref="APL-DEFAULT"/>
  </root>
</configuration>