{
  "sendToAplRules": [
    {
      "mode": "XPOINT",
      "oldStatus": "IN",
      "newStatus": "OUT"
    },
    {
      "mode": "XPOINT",
      "oldStatus": "LIMIT",
      "newStatus": "OUT"
    },
    ,
    {
      "mode": "HSPN",
      "oldStatus": "IDLE",
      "newStatus": "OUT"
    },
    {
      "mode": "INVENTORY",
      "oldStatus": "TRANSITION",
      "newStatus": "IN"
    }
  ],
  "sendToWebserviceRules": [
    {
      "mode": "GUARD",
      "oldStatus": "IDLE",
      "newStatus": "IN"
    },
    {
      "mode": "AUTOMATED_PROCESS",
      "oldStatus": "TRANSITION",
      "newStatus": "IN"
    },
    {
      "mode": "POS_PAYMENT",
      "oldStatus": "IN",
      "newStatus": "OUT"
    },
    {
      "mode": "POS_RETURN",
      "oldStatus": "IN",
      "newStatus": "OUT"
    },
    {
      "mode": "POS_READ_ONLY",
      "oldStatus": "IN",
      "newStatus": "OUT"
    },
    {
      "mode": "FITTING_ROOM",
      "oldStatus": "TRANSITION",
      "newStatus": "IN"
    },
    {
      "mode": "FITTING_ROOM",
      "oldStatus": "IN",
      "newStatus": "OUT"
    }
  ],
  "lastUpdated": "1593455837"
}
